{
  "best_global_step": 5128,
  "best_metric": 0.802220904656469,
  "best_model_checkpoint": "../03_models/checkpoints/05_baseline_banglabert_ben_sarc_binary/checkpoint-5128",
  "epoch": 2.0,
  "eval_steps": 500,
  "global_step": 5128,
  "is_hyper_param_search": false,
  "is_local_process_zero": true,
  "is_world_process_zero": true,
  "log_history": [
    {
      "epoch": 1.0,
      "grad_norm": 12.231176376342773,
      "learning_rate": 1.4819416353655013e-05,
      "loss": 0.5288829119082732,
      "step": 2564
    },
    {
      "epoch": 1.0,
      "eval_accuracy": 0.7839313572542902,
      "eval_f1_binary": 0.7769726247987118,
      "eval_loss": 0.4882120192050934,
      "eval_macro_f1": 0.783720805591489,
      "eval_precision_binary": 0.802828618968386,
      "eval_recall_binary": 0.7527301092043682,
      "eval_runtime": 41.9197,
      "eval_samples_per_second": 61.165,
      "eval_steps_per_second": 7.657,
      "step": 2564
    },
    {
      "epoch": 2.0,
      "grad_norm": 0.9661954045295715,
      "learning_rate": 7.4111528459982675e-06,
      "loss": 0.3717673981617468,
      "step": 5128
    },
    {
      "epoch": 2.0,
      "eval_accuracy": 0.8022620904836193,
      "eval_f1_binary": 0.8050749711649365,
      "eval_loss": 0.5587269067764282,
      "eval_macro_f1": 0.802220904656469,
      "eval_precision_binary": 0.7937831690674754,
      "eval_recall_binary": 0.8166926677067082,
      "eval_runtime": 50.8778,
      "eval_samples_per_second": 50.395,
      "eval_steps_per_second": 6.309,
      "step": 5128
    }
  ],
  "logging_steps": 500,
  "max_steps": 7692,
  "num_input_tokens_seen": 0,
  "num_train_epochs": 3,
  "save_steps": 500,
  "stateful_callbacks": {
    "TrainerControl": {
      "args": {
        "should_epoch_stop": false,
        "should_evaluate": false,
        "should_log": false,
        "should_save": true,
        "should_training_stop": false
      },
      "attributes": {}
    }
  },
  "total_flos": 2697940761661440.0,
  "train_batch_size": 8,
  "trial_name": null,
  "trial_params": null
}
