{
  "best_global_step": 1024,
  "best_metric": 0.9793478612305604,
  "best_model_checkpoint": "../03_models/checkpoints/05_baseline_banglabert_banglasarc_binary/checkpoint-1024",
  "epoch": 2.0,
  "eval_steps": 500,
  "global_step": 1024,
  "is_hyper_param_search": false,
  "is_local_process_zero": true,
  "is_world_process_zero": true,
  "log_history": [
    {
      "epoch": 1.0,
      "grad_norm": 0.19412116706371307,
      "learning_rate": 1.483357452966715e-05,
      "loss": 0.21001961827278137,
      "step": 512
    },
    {
      "epoch": 1.0,
      "eval_accuracy": 0.9765166340508806,
      "eval_f1_binary": 0.9695431472081218,
      "eval_loss": 0.09403660148382187,
      "eval_macro_f1": 0.9752174334766723,
      "eval_precision_binary": 0.9597989949748744,
      "eval_recall_binary": 0.9794871794871794,
      "eval_runtime": 13.9736,
      "eval_samples_per_second": 36.569,
      "eval_steps_per_second": 4.58,
      "step": 512
    },
    {
      "epoch": 2.0,
      "grad_norm": 0.02214241586625576,
      "learning_rate": 7.424023154848047e-06,
      "loss": 0.03484325110912323,
      "step": 1024
    },
    {
      "epoch": 2.0,
      "eval_accuracy": 0.9804305283757339,
      "eval_f1_binary": 0.9746192893401016,
      "eval_loss": 0.09562551975250244,
      "eval_macro_f1": 0.9793478612305604,
      "eval_precision_binary": 0.964824120603015,
      "eval_recall_binary": 0.9846153846153847,
      "eval_runtime": 13.9704,
      "eval_samples_per_second": 36.577,
      "eval_steps_per_second": 4.581,
      "step": 1024
    }
  ],
  "logging_steps": 500,
  "max_steps": 1536,
  "num_input_tokens_seen": 0,
  "num_train_epochs": 3,
  "save_steps": 500,
  "stateful_callbacks": {
    "TrainerControl": {
      "args": {
        "should_epoch_stop": false,
        "should_evaluate": false,
        "should_log": false,
        "should_save": true,
        "should_training_stop": false
      },
      "attributes": {}
    }
  },
  "total_flos": 537930552683520.0,
  "train_batch_size": 8,
  "trial_name": null,
  "trial_params": null
}
