dataset,split,accuracy,precision_binary,recall_binary,f1_binary,macro_f1
banglasarc3_binary,test,0.7693266832917706,0.7647058823529411,0.7780548628428927,0.7713226205191595,0.7693091090017181
banglasarc3_binary,val,0.7880299251870324,0.78239608801956,0.7980049875311721,0.7901234567901234,0.7880088316696209
banglasarc_binary,test,0.986328125,0.9947643979057592,0.9693877551020408,0.9819121447028424,0.9854615668569158
banglasarc_binary,val,0.9902152641878669,0.9947916666666666,0.9794871794871794,0.9870801033591732,0.9896030438055708
ben_sarc_binary,test,0.8096723868954758,0.810641627543036,0.8081123244929798,0.809375,0.8096719236760124
ben_sarc_binary,val,0.8022620904836193,0.7946768060836502,0.8151326053042122,0.8047747400847132,0.8022293297420799
