dataset,split,label_or_avg,precision,recall,f1-score,support
banglasarc_binary,validation,0,0.9873417721518988,0.9873417721518988,0.9873417721518988,316.0
banglasarc_binary,validation,1,0.9794871794871794,0.9794871794871794,0.9794871794871794,195.0
banglasarc_binary,validation,macro avg,0.9834144758195391,0.9834144758195391,0.9834144758195391,511.0
banglasarc_binary,validation,weighted avg,0.9843444227005871,0.9843444227005871,0.9843444227005871,511.0
banglasarc_binary,test,0,0.9843260188087775,0.9936708860759493,0.988976377952756,316.0
banglasarc_binary,test,1,0.9896373056994818,0.9744897959183674,0.9820051413881749,196.0
banglasarc_binary,test,macro avg,0.9869816622541296,0.9840803409971584,0.9854907596704654,512.0
banglasarc_binary,test,weighted avg,0.9863592458216253,0.986328125,0.9863077014553773,512.0
