dataset,split,label_or_avg,precision,recall,f1-score,support
ben_sarc_binary,validation,0,0.8105939004815409,0.7878315132605305,0.7990506329113924,1282.0
ben_sarc_binary,validation,1,0.7936267071320182,0.8159126365054602,0.8046153846153846,1282.0
ben_sarc_binary,validation,macro avg,0.8021103038067796,0.8018720748829953,0.8018330087633885,2564.0
ben_sarc_binary,validation,weighted avg,0.8021103038067796,0.8018720748829953,0.8018330087633885,2564.0
ben_sarc_binary,test,0,0.7937356760886173,0.8104524180967239,0.8020069471246623,1282.0
ben_sarc_binary,test,1,0.8063745019920319,0.7893915756630265,0.7977926685061095,1282.0
ben_sarc_binary,test,macro avg,0.8000550890403246,0.7999219968798752,0.7998998078153858,2564.0
ben_sarc_binary,test,weighted avg,0.8000550890403245,0.7999219968798752,0.7998998078153859,2564.0
