dataset,split,label_or_avg,precision,recall,f1-score,support
banglasarc3_binary,validation,0,0.75,0.800498753117207,0.7744270205066345,401.0
banglasarc3_binary,validation,1,0.786096256684492,0.7331670822942643,0.7587096774193548,401.0
banglasarc3_binary,validation,macro avg,0.768048128342246,0.7668329177057356,0.7665683489629946,802.0
banglasarc3_binary,validation,weighted avg,0.768048128342246,0.7668329177057357,0.7665683489629948,802.0
banglasarc3_binary,test,0,0.7283653846153846,0.7556109725685786,0.7417380660954712,401.0
banglasarc3_binary,test,1,0.7461139896373057,0.7182044887780549,0.7318932655654383,401.0
banglasarc3_binary,test,macro avg,0.7372396871263451,0.7369077306733167,0.7368156658304548,802.0
banglasarc3_binary,test,weighted avg,0.737239687126345,0.7369077306733167,0.7368156658304548,802.0
