{
  "best_global_step": 1604,
  "best_metric": 0.7665683489629946,
  "best_model_checkpoint": "../03_models/checkpoints/05_baseline_banglabert_banglasarc3_binary/checkpoint-1604",
  "epoch": 2.0,
  "eval_steps": 500,
  "global_step": 1604,
  "is_hyper_param_search": false,
  "is_local_process_zero": true,
  "is_world_process_zero": true,
  "log_history": [
    {
      "epoch": 1.0,
      "grad_norm": 4.940364837646484,
      "learning_rate": 1.4826789838337183e-05,
      "loss": 0.6045041357787173,
      "step": 802
    },
    {
      "epoch": 1.0,
      "eval_accuracy": 0.756857855361596,
      "eval_f1_binary": 0.7708578143360753,
      "eval_loss": 0.5092346668243408,
      "eval_macro_f1": 0.7559468354548902,
      "eval_precision_binary": 0.7288888888888889,
      "eval_recall_binary": 0.8179551122194514,
      "eval_runtime": 20.3335,
      "eval_samples_per_second": 39.442,
      "eval_steps_per_second": 4.967,
      "step": 802
    },
    {
      "epoch": 2.0,
      "grad_norm": 1.356682300567627,
      "learning_rate": 7.418013856812933e-06,
      "loss": 0.4592610118989635,
      "step": 1604
    },
    {
      "epoch": 2.0,
      "eval_accuracy": 0.7668329177057357,
      "eval_f1_binary": 0.7587096774193548,
      "eval_loss": 0.5316193699836731,
      "eval_macro_f1": 0.7665683489629946,
      "eval_precision_binary": 0.786096256684492,
      "eval_recall_binary": 0.7331670822942643,
      "eval_runtime": 17.3691,
      "eval_samples_per_second": 46.174,
      "eval_steps_per_second": 5.815,
      "step": 1604
    }
  ],
  "logging_steps": 500,
  "max_steps": 2406,
  "num_input_tokens_seen": 0,
  "num_train_epochs": 3,
  "save_steps": 500,
  "stateful_callbacks": {
    "TrainerControl": {
      "args": {
        "should_epoch_stop": false,
        "should_evaluate": false,
        "should_log": false,
        "should_save": true,
        "should_training_stop": false
      },
      "attributes": {}
    }
  },
  "total_flos": 843665599011840.0,
  "train_batch_size": 8,
  "trial_name": null,
  "trial_params": null
}
